user_id,email,created_at
u_2b6447a3,julia.evans230@gmail.com,2026-08-22
u_baba14aa,daniel.hill389@gmail.com,2026-09-20
u_3ab82c73,faith.wilson277@gmail.com,2026-07-10
u_c3a64c0a,julia.wilson12@yahoo.com,2026-09-26
u_09acb8a4,appuser17@gmail.com,2026-09-10
u_c0d06d19,leah.stewart812@gmail.com,2026-08-21
u_3380b6e6,PAUL.GARCIA558@GMAIL.COM,2026-09-17
u_f2411d1c,john.turner61@gmail.com,2026-08-13
u_e9edbf48,leah.cooper965@protonmail.com,2026-08-03
u_38e852b0,sarah.edwards657@gmail.com,2026-09-01
u_ffe05a36,emily.green827@gmail.com,2026-07-18
u_8122178e,esther.wilson992@icloud.com,2026-09-13
u_25b5107e,ruth.murphy357@gmail.com,2026-09-23
u_f1cad5ce,eli.clark874@icloud.com,2026-08-13
u_ce290d40,sam.hill29@icloud.com,2026-08-15
u_0e961509,michael.miller182@gmail.com,2026-09-03
u_e3f7afb3,lydia.johnson488@protonmail.com,2026-09-09
u_2c94bc87,laura.bell611@gmail.com,2026-09-28
u_19d515e6,KATE.BROWN19@GMAIL.COM,2026-09-11
u_9e7f7972,paul.evans779@gmail.com,2026-08-25
u_d2ff86c8,ben.murphy388@gmail.com,2026-08-10
u_340494f3,SAM.PARKER340@GMAIL.COM,2026-07-03
u_a8564f9e,mark.stewart811@yahoo.com,2026-08-14
u_a3c88ef6,faith.johnson146@gmail.com,2026-09-10
u_2ed21938,peter.davis773@hotmail.com,2026-07-19
u_4175aa6e,faith.edwards135@gmail.com,2026-09-27
u_0738e5ff,KATE.PETERSON180@GMAIL.COM,2026-07-06
u_a6400c65,eli.mitchell678@outlook.com,2026-09-04
u_58b81749,isaac.turner86@gmail.com,2026-07-21
u_d5072a93,hope.roberts249@hotmail.com,2026-09-06
u_3752676b,caleb.williams811@gmail.com,2026-07-12
u_325b9095,hannah.garcia163@outlook.com,2026-08-01
u_f7d5d9a8,lydia.reed127@yahoo.com,2026-08-21
u_8878eece,mary.smith346@gmail.com,2026-09-05
u_f39fbb87,naomi.moore974@gmail.com,2026-08-16
u_4dad14ec,sarah.thomas152@gmail.com,2026-08-07
u_ae0e17e4,kate.edwards469@gmail.com,2026-08-25
u_edb672a5,peter.rogers438@icloud.com,2026-09-22
u_28264049,paul.smith972@hotmail.com,2026-09-12
u_ea1e61fb,appuser24@gmail.com,2026-09-10
u_63c8e000,noah.lee496@gmail.com,2026-07-27
u_f32f0c4f,sam.evans512@yahoo.com,2026-09-02
u_7876e914,matthew.lewis975@gmail.com,2026-09-25
u_701ce44b,seth.carter864@protonmail.com,2026-07-18
u_92f73ae7,tim.murphy170@gmail.com,2026-09-22
u_91f35128,joy.clark544@gmail.com,2026-09-15
u_7af53633,abigail.scott501@hotmail.com,2026-09-25
u_6b0afaa5,nathan.cook185@hotmail.com,2026-08-02
u_d7e66c2a,ESTHER.ALLEN276@OUTLOOK.COM,2026-09-15
u_f8627ce6,LYDIA.COOPER147@YAHOO.COM,2026-07-20
u_06322fe2,caleb.green577@gmail.com,2026-09-14
u_7ec1a280,ellie.adams582@icloud.com,2026-08-12
u_878a07b5,luke.davis728@gmail.com,2026-08-28
u_ce406cc0,joshua.martin735@icloud.com,2026-08-21
u_00522987,emily.evans870@outlook.com,2026-08-16
u_bb03f175,zoe.brown239@gmail.com,2026-08-19
u_1e41ba88,mark.taylor85@outlook.com,2026-07-23
u_70534846,mary.baker585@yahoo.com,2026-08-27
u_d7043a83,seth.cooper134@gmail.com,2026-08-22
u_a559227a,tim.garcia682@gmail.com,2026-07-13
u_8d75c181,lydia.adams228@protonmail.com,2026-07-23
u_6c117419,julia.morgan852@icloud.com,2026-07-17
u_faad8ce0,julia.peterson304@protonmail.com,2026-09-14
u_1caead63,JOY.GARCIA98@GMAIL.COM,2026-09-13
u_2bb41e01,MARK.STEWART195@ICLOUD.COM,2026-08-08
u_e90bef5f,claire.clark643@gmail.com,2026-08-25
u_7d89640c,NOAH.WILLIAMS797@GMAIL.COM,2026-08-15
u_31914a19,julia.smith928@gmail.com,2026-07-14
u_89fcc8eb,aaron.cook618@yahoo.com,2026-09-27
u_d0e56334,seth.carter666@gmail.com,2026-08-15
u_55ff1567,faith.king981@outlook.com,2026-09-13
u_bb33a17f,sam.mitchell484@gmail.com,2026-07-06
u_b309e1ae,rachel.scott836@protonmail.com,2026-08-20
u_5d2b7b5c,peter.jones840@gmail.com,2026-09-21
u_0b739033,ELI.MORGAN545@ICLOUD.COM,2026-09-07
u_2f537ad3,seth.young472@gmail.com,2026-07-28
u_41c397bf,sarah.wright733@hotmail.com,2026-09-16
u_b86aec0d,anna.campbell740@hotmail.com,2026-09-02
u_a1eb9b06,paul.thomas157@icloud.com,2026-07-07
u_4fd1a432,daniel.reed638@yahoo.com,2026-08-24
u_b120222c,appuser18@gmail.com,2026-09-10
u_760352fd,caleb.johnson215@outlook.com,2026-09-02
u_6035f82c,john.johnson521@protonmail.com,2026-08-18
u_ad2a1f19,chloe.murphy961@protonmail.com,2026-07-22
u_552c8cd6,nathan.morgan671@yahoo.com,2026-09-08
u_9b2153a1,noah.edwards544@gmail.com,2026-08-06
u_11f5eb5e,aaron.cook917@yahoo.com,2026-08-12
u_ecde9e5e,matthew.hall204@gmail.com,2026-07-21
u_f39a77c3,appuser9@gmail.com,2026-09-10
u_7947eba3,kate.williams520@gmail.com,2026-07-12
u_f8defd1b,kate.brown1@icloud.com,2026-09-13
u_f3b8a072,rachel.campbell272@gmail.com,2026-08-04
u_58b5ff5b,esther.evans581@protonmail.com,2026-09-28
u_e93e9684,ethan.hall498@gmail.com,2026-07-21
u_cc829959,ruth.garcia813@gmail.com,2026-08-28
u_852faaf4,PAUL.ANDERSON37@GMAIL.COM,2026-08-19
u_21a16f3c,laura.cooper884@gmail.com,2026-07-02
u_2ae10156,esther.hall793@gmail.com,2026-07-12
u_4573c29b,tim.evans444@hotmail.com,2026-08-04
u_65a4ec9b,NOAH.LEE246@GMAIL.COM,2026-07-12
u_b8198fd0,noah.scott369@icloud.com,2026-07-22
u_4e82bf81,tim.morgan478@yahoo.com,2026-09-09
u_9ba40375,joshua.cooper708@gmail.com,2026-09-05
u_6e9cb38a,hannah.allen26@yahoo.com,2026-08-06
u_aa7e48d0,joy.reed306@protonmail.com,2026-08-18
u_eaa0f768,emily.lewis899@protonmail.com,2026-07-01
u_ac84a4b3,anna.young561@gmail.com,2026-09-28
u_8cc36bb1,JULIA.REED863@GMAIL.COM,2026-07-03
u_5e6aade4,SETH.MOORE300@PROTONMAIL.COM,2026-09-18
u_007df62f,megan.stewart163@gmail.com,2026-09-17
u_3675c2df,mark.king854@hotmail.com,2026-07-18
u_a6ac1f6c,mark.mitchell424@gmail.com,2026-08-24
u_54a46d44,joshua.stewart472@gmail.com,2026-09-24
u_e5ffdb86,DANIEL.PHILLIPS904@GMAIL.COM,2026-08-10
u_915bf189,JOY.ROGERS18@GMAIL.COM,2026-09-11
u_beda35d8,seth.rogers857@protonmail.com,2026-07-06
u_60eb58ee,HOPE.MITCHELL103@PROTONMAIL.COM,2026-07-28
u_50b616d9,faith.wright910@gmail.com,2026-09-09
u_7dccc6e0,naomi.carter240@icloud.com,2026-09-14
u_671cfbf9,isaac.nelson536@gmail.com,2026-08-19
u_bdba1dab,olivia.phillips335@gmail.com,2026-09-15
u_0b021bfb,ben.murphy658@icloud.com,2026-07-26
u_555c8dfb,mary.green40@outlook.com,2026-09-16
u_6da1b405,daniel.lewis649@gmail.com,2026-07-02
u_d2b18d44,ethan.bell551@hotmail.com,2026-07-13
u_31fc1cff,appuser2@gmail.com,2026-09-10
u_b0675ef5,zoe.bell623@gmail.com,2026-09-12
u_bb7a65b2,julia.moore461@hotmail.com,2026-08-15
u_f7b7689b,isaac.johnson356@hotmail.com,2026-09-26
u_c6538318,hope.reed958@icloud.com,2026-07-10
u_2c102acf,kate.wilson188@gmail.com,2026-09-02
u_43d27280,ruth.davis689@protonmail.com,2026-09-12
u_8e3cba28,megan.peterson282@icloud.com,2026-09-24
u_e0983616,hope.green61@gmail.com,2026-07-02
u_60bbbc42,noah.taylor377@gmail.com,2026-08-06
u_46e16b44,ethan.hill148@icloud.com,2026-08-15
u_1efff0c1,james.mitchell934@gmail.com,2026-08-23
u_323bf88f,matthew.roberts322@hotmail.com,2026-08-04
u_9533b801,kate.wright998@protonmail.com,2026-09-21
u_50a0fcf1,sam.lewis44@gmail.com,2026-08-20
u_f3388267,james.rogers178@yahoo.com,2026-07-18
u_d6fc3feb,hope.nelson575@gmail.com,2026-07-13
u_02b870f0,matthew.thomas453@protonmail.com,2026-07-22
u_37775958,ben.roberts664@gmail.com,2026-07-12
u_60f48582,david.garcia857@outlook.com,2026-09-10
u_15704a4b,chloe.morris704@icloud.com,2026-07-22
u_d4f4fc7f,hope.moore281@gmail.com,2026-07-10
u_e01a84bf,leah.brown713@gmail.com,2026-08-27
u_f89d0f48,luke.martin315@icloud.com,2026-07-16
u_4ad66346,claire.johnson93@yahoo.com,2026-07-21
u_c77602c5,LUKE.GARCIA136@YAHOO.COM,2026-07-15
u_8cd738d3,esther.edwards998@gmail.com,2026-07-01
u_12937c30,olivia.walker867@outlook.com,2026-09-08
u_ec29bed8,chloe.miller488@hotmail.com,2026-09-02
u_7c662b03,noah.smith941@hotmail.com,2026-07-02
u_2571002c,PETER.KING91@GMAIL.COM,2026-07-07
u_91cddd8f,james.clark48@outlook.com,2026-09-22
u_99e744c3,appuser6@gmail.com,2026-09-10
u_eaf1658a,aaron.lewis928@protonmail.com,2026-08-01
u_d97715ca,anna.campbell132@gmail.com,2026-07-02
u_19502e59,ruth.mitchell219@gmail.com,2026-08-05
u_7b249f4e,kate.allen194@gmail.com,2026-08-08
u_5fac36b3,isaac.allen180@outlook.com,2026-08-09
u_f44d3e12,peter.bell589@gmail.com,2026-08-22
u_0a3f2ccd,zoe.carter308@hotmail.com,2026-09-09
u_9f610822,rachel.parker689@gmail.com,2026-08-06
u_c04f539c,mary.edwards309@gmail.com,2026-09-21
u_3a9c7b80,daniel.davis780@gmail.com,2026-07-05
u_e7bdc709,noah.moore39@gmail.com,2026-07-06
u_9984010a,leah.bell636@gmail.com,2026-09-03
u_8394f88c,tim.cooper499@gmail.com,2026-09-12
u_e3b7e756,matthew.lewis63@gmail.com,2026-08-01
u_86779a6e,hope.turner958@hotmail.com,2026-09-18
u_fafbb042,john.jones346@yahoo.com,2026-08-14
u_82a4e2c6,ruth.stewart941@protonmail.com,2026-08-21
u_3d492223,david.davis609@gmail.com,2026-09-09
u_c25a36fd,luke.davis359@icloud.com,2026-09-09
u_b02edbfa,aaron.wright732@gmail.com,2026-08-08
u_00132172,claire.collins447@gmail.com,2026-09-25
u_28179b1f,mary.roberts452@outlook.com,2026-09-06
u_89ec2448,MARY.LEE438@YAHOO.COM,2026-07-01
u_be52dcc7,megan.morris321@hotmail.com,2026-07-16
u_4b29ecb6,david.lee398@outlook.com,2026-07-23
u_1391aa95,joy.turner429@yahoo.com,2026-07-10
u_c00347e8,emily.carter316@gmail.com,2026-07-09
u_b47837dd,michael.reed52@gmail.com,2026-09-08
u_8399accb,aaron.reed144@icloud.com,2026-08-25
u_b8a578e1,seth.morris441@gmail.com,2026-08-16
u_7b4d0518,daniel.green132@gmail.com,2026-09-25
u_c1e83276,RACHEL.GREEN189@PROTONMAIL.COM,2026-08-15
u_a385e46b,claire.hill70@gmail.com,2026-07-16
u_652e02c3,leah.young982@yahoo.com,2026-07-17
u_bc3a59ba,faith.cook505@hotmail.com,2026-08-01
u_b97c4098,james.bell28@protonmail.com,2026-08-12
u_aafb7194,michael.martin318@yahoo.com,2026-07-10
u_9e1bce5b,megan.baker911@icloud.com,2026-07-02
u_1e9dc9a6,paul.clark833@gmail.com,2026-08-22
u_700e1d39,josiah.morris149@hotmail.com,2026-07-28
u_ed5f8163,olivia.stewart125@yahoo.com,2026-09-08
u_b8d4c3ac,jacob.king229@gmail.com,2026-08-17
u_b7b641a5,ethan.green923@icloud.com,2026-07-24
u_7bf6f80a,faith.evans340@yahoo.com,2026-07-20
u_71a9456a,MICHAEL.EDWARDS537@GMAIL.COM,2026-09-26
u_faa751c5,faith.roberts33@outlook.com,2026-08-24
u_8dfbfcad,hannah.johnson415@outlook.com,2026-08-02
u_630c4b88,hannah.mitchell56@hotmail.com,2026-07-17
u_0530d7b8,daniel.anderson607@gmail.com,2026-07-24
u_9a2cf487,nathan.johnson600@gmail.com,2026-07-21
u_de00c349,luke.wilson482@yahoo.com,2026-09-21
u_0f2bb318,noah.morgan333@gmail.com,2026-09-05
u_76ea501d,LEAH.MORRIS555@GMAIL.COM,2026-09-18
u_6d7269b9,leah.baker555@gmail.com,2026-07-22
u_b63c5b1e,seth.peterson452@icloud.com,2026-09-03
u_1f1e4c11,caleb.miller357@icloud.com,2026-08-11
u_3ceccc2b,david.scott354@outlook.com,2026-09-12
u_6777a892,caleb.brown650@gmail.com,2026-07-05
u_701ca8e7,LUKE.KING741@YAHOO.COM,2026-09-01
u_81adef70,grace.collins27@gmail.com,2026-07-27
u_6f9354b5,mary.morris721@icloud.com,2026-07-12
u_db338c4a,julia.hall142@gmail.com,2026-07-27
u_dd4a88e2,rachel.clark223@gmail.com,2026-07-28
u_f36cd979,isaac.stewart53@gmail.com,2026-07-09
u_98a410ec,chloe.reed603@yahoo.com,2026-07-09
u_eed33a55,daniel.peterson764@yahoo.com,2026-07-16
u_b5c81461,isaac.brown279@yahoo.com,2026-09-15
u_45a0aa9a,peter.williams335@gmail.com,2026-07-19
u_80c5334a,anna.cook970@hotmail.com,2026-09-23
u_35a67c61,caleb.cooper347@gmail.com,2026-09-08
u_190c2247,CHLOE.MILLER709@OUTLOOK.COM,2026-08-08
u_36a5cd7a,julia.nelson41@protonmail.com,2026-08-25
u_f5013c61,paul.lee533@hotmail.com,2026-07-09
u_184e0a52,tim.davis527@gmail.com,2026-09-03
u_fff7ee76,noah.roberts466@icloud.com,2026-08-20
u_09aa13cc,hope.smith915@icloud.com,2026-09-23
u_e871a71d,michael.collins883@hotmail.com,2026-07-13
u_dfe4c7b2,josiah.edwards903@outlook.com,2026-08-14
u_23b430a1,claire.miller957@protonmail.com,2026-08-20
u_eb50a679,nathan.morris989@gmail.com,2026-08-13
u_3cb10be3,james.bailey932@gmail.com,2026-07-17
u_fb380d4d,mark.collins122@gmail.com,2026-08-12
u_a1693c53,david.anderson288@gmail.com,2026-07-23
u_628e3e34,daniel.morris587@gmail.com,2026-09-28
u_797e6f70,joy.wilson467@gmail.com,2026-07-13
u_47ef0ced,ETHAN.ALLEN271@HOTMAIL.COM,2026-08-24
u_69102873,emily.brown565@outlook.com,2026-08-03
u_2a6c94bb,matthew.wright733@gmail.com,2026-07-12
u_f1c0e040,ellie.nelson225@gmail.com,2026-07-08
u_dd1122bb,ellie.rogers275@gmail.com,2026-08-21
u_adfe91c0,caleb.morris406@gmail.com,2026-09-08
u_e9158bc0,abigail.campbell584@gmail.com,2026-07-19
u_694b1cca,hannah.green413@gmail.com,2026-08-08
u_07d5544e,matthew.morgan555@icloud.com,2026-09-01
u_7c9f85b4,zoe.miller375@icloud.com,2026-09-01
u_b7114dc8,hannah.adams499@gmail.com,2026-08-20
u_4af11c26,josiah.miller156@gmail.com,2026-09-26
u_251b7830,appuser11@gmail.com,2026-09-10
u_cc4cd62e,ethan.turner740@gmail.com,2026-07-27
u_3b74a5a1,lydia.bell118@gmail.com,2026-07-23
u_52e252fc,zoe.murphy899@icloud.com,2026-07-03
u_b7566d87,john.roberts103@outlook.com,2026-08-11
u_6b1606cd,michael.lewis119@gmail.com,2026-08-12
u_d610c910,esther.turner133@hotmail.com,2026-08-14
u_ee1b2905,ellie.stewart798@protonmail.com,2026-08-16
u_9e8d85ce,joshua.carter769@icloud.com,2026-07-08
u_85af3df1,john.clark200@gmail.com,2026-08-16
u_61b1bbea,nathan.scott588@gmail.com,2026-07-01
u_c8e353b9,jacob.taylor165@gmail.com,2026-09-24
u_28b16bb5,michael.hill514@icloud.com,2026-07-02
u_8eefe75c,mary.thomas559@gmail.com,2026-09-06
u_680622cc,matthew.clark339@gmail.com,2026-07-19
u_9e6e7f53,appuser8@gmail.com,2026-09-10
u_9460deb5,chloe.rogers304@gmail.com,2026-09-26
u_8cb84c68,ethan.allen457@hotmail.com,2026-09-06
u_3a147834,JOHN.ANDERSON830@GMAIL.COM,2026-08-04
u_6ee77565,eli.bell228@gmail.com,2026-07-22
u_8f50ae8c,paul.morris542@gmail.com,2026-07-13
u_5565d3ff,peter.smith844@gmail.com,2026-08-07
u_502c21e2,joshua.bailey551@gmail.com,2026-07-15
u_29887879,laura.roberts215@gmail.com,2026-09-13
u_07f0c046,MATTHEW.COOK108@GMAIL.COM,2026-08-23
u_71bc9b8d,appuser21@gmail.com,2026-09-10
u_0dae2e70,anna.moore914@gmail.com,2026-07-12
u_e02f5fb6,laura.green489@hotmail.com,2026-07-17
u_0a2c2bc1,nathan.morgan781@gmail.com,2026-09-07
u_abde23d3,joy.king964@protonmail.com,2026-07-22
u_a9878610,luke.peterson357@protonmail.com,2026-07-05
u_42e17f11,LAURA.PETERSON466@PROTONMAIL.COM,2026-08-05
u_f1b7776b,andrew.smith310@protonmail.com,2026-07-02
u_e4ce2b43,michael.martin845@yahoo.com,2026-08-27
u_4c2f5c80,hannah.brown546@hotmail.com,2026-08-11
u_2da4d09f,naomi.evans852@gmail.com,2026-07-09
u_314d9f5b,anna.peterson676@gmail.com,2026-08-06
u_be7c41d0,seth.bell287@outlook.com,2026-09-07
u_11a21c4e,eli.cook600@gmail.com,2026-08-06
u_2f8c1a37,appuser3@gmail.com,2026-09-10
u_5db34784,claire.reed852@hotmail.com,2026-08-15
u_7da274c9,ben.lee38@gmail.com,2026-07-15
u_09f8f56e,caleb.young317@yahoo.com,2026-08-25
u_914e72c7,josiah.hall349@gmail.com,2026-08-01
u_3922c846,lydia.hall841@yahoo.com,2026-08-14
u_2740b353,nathan.evans523@gmail.com,2026-08-22
u_ceed5f12,joy.hall830@protonmail.com,2026-09-03
u_a302cacd,NAOMI.MOORE644@GMAIL.COM,2026-09-20
u_49c8ed07,jacob.green577@outlook.com,2026-09-11
u_525cd5db,ZOE.JONES651@OUTLOOK.COM,2026-09-14
u_a43e6c58,sarah.miller437@yahoo.com,2026-08-27
u_e9a27a6e,sam.collins761@gmail.com,2026-07-24
u_552ab8b0,CLAIRE.CLARK529@GMAIL.COM,2026-07-22
u_5e33070c,matthew.taylor99@gmail.com,2026-09-10
u_10b8ead0,megan.campbell796@gmail.com,2026-09-10
u_58da5771,michael.smith74@protonmail.com,2026-08-06
u_e29e901a,noah.young933@gmail.com,2026-07-27
u_c73fe2b9,joshua.smith803@gmail.com,2026-08-03
u_9c3ce8a4,peter.garcia469@yahoo.com,2026-09-10
u_760189a2,rachel.young152@gmail.com,2026-07-03
u_c4fdc839,KATE.MITCHELL981@GMAIL.COM,2026-08-17
u_8db946fd,nathan.taylor69@gmail.com,2026-07-11
u_726a029e,DANIEL.MILLER826@GMAIL.COM,2026-07-02
u_3dc78764,hannah.cook255@gmail.com,2026-09-21
u_ef4d5d2c,emily.phillips458@icloud.com,2026-09-15
u_5ab57a8e,isaac.hill435@hotmail.com,2026-09-16
u_61970ca6,eli.clark512@icloud.com,2026-09-06
u_56075f61,tim.cook193@hotmail.com,2026-09-19
u_484c1785,ruth.evans778@yahoo.com,2026-08-04
u_2bc071a4,laura.davis38@gmail.com,2026-07-28
u_1efd5e9a,daniel.roberts197@gmail.com,2026-09-12
u_7daaa8b8,noah.bailey846@hotmail.com,2026-07-23
u_05e8577c,NAOMI.PARKER574@GMAIL.COM,2026-07-04
u_f524d8af,john.lee723@gmail.com,2026-07-02
u_fb954962,faith.bailey874@gmail.com,2026-08-07
u_65ab72a3,SARAH.WALKER413@YAHOO.COM,2026-09-25
u_4126e9ec,ethan.turner482@yahoo.com,2026-07-22
u_be6a3ab5,eli.morgan955@hotmail.com,2026-09-26
u_27e9a61f,david.garcia936@outlook.com,2026-07-14
u_64fb1a70,HANNAH.CLARK649@YAHOO.COM,2026-09-12
u_3703b9fa,nathan.bailey172@icloud.com,2026-07-19
u_05ff61c9,noah.lee8@gmail.com,2026-09-19
u_c8cdc3a7,james.murphy957@gmail.com,2026-09-27
u_4322a857,laura.hill737@gmail.com,2026-09-20
u_e795d20a,andrew.allen772@yahoo.com,2026-08-26
u_6dd5182c,hannah.smith659@hotmail.com,2026-09-05
u_c765af57,megan.cook69@gmail.com,2026-07-04
u_435a2910,chloe.martin834@hotmail.com,2026-08-10
u_99d18785,appuser23@gmail.com,2026-09-10
u_c93fcdda,seth.cooper785@hotmail.com,2026-09-11
u_5e050732,chloe.edwards186@protonmail.com,2026-09-10
u_330d6e9f,seth.campbell827@gmail.com,2026-08-18
u_2b52360a,daniel.bell227@gmail.com,2026-08-14
u_f7afa5c5,emily.collins25@protonmail.com,2026-09-26
u_e71df244,HANNAH.PETERSON62@GMAIL.COM,2026-07-15
u_1313e29d,claire.garcia230@gmail.com,2026-07-13
u_09f053cf,jacob.bailey610@hotmail.com,2026-09-26
u_c60244f0,david.anderson895@gmail.com,2026-08-21
u_f597b999,josiah.campbell826@gmail.com,2026-08-12
u_d1af3da1,MARK.JOHNSON116@GMAIL.COM,2026-07-02
u_579a56e7,sam.davis638@hotmail.com,2026-08-15
u_46b0eacc,emily.hill15@gmail.com,2026-07-19
u_be9051db,naomi.scott371@gmail.com,2026-08-28
u_ef31f0da,claire.stewart705@gmail.com,2026-08-27
u_de5cfaa3,joshua.scott929@gmail.com,2026-07-24
u_2f194541,faith.bailey405@icloud.com,2026-08-19
u_231308a8,GRACE.BELL193@GMAIL.COM,2026-09-28
u_828a78a2,james.lewis393@gmail.com,2026-07-24
u_faa75abb,mary.morris445@protonmail.com,2026-09-22
u_b440c747,chloe.stewart746@gmail.com,2026-09-25
u_21bc3480,JOSIAH.PARKER885@GMAIL.COM,2026-08-07
u_7768752f,ben.murphy498@hotmail.com,2026-08-25
u_d5a768f4,claire.anderson103@protonmail.com,2026-09-22
u_315b59b5,emily.roberts364@hotmail.com,2026-07-16
u_c140c3a6,ellie.williams33@hotmail.com,2026-09-22
u_d8c5f0f1,michael.campbell79@gmail.com,2026-07-14
u_7ff83853,ANNA.TURNER41@YAHOO.COM,2026-08-05
u_51562dfa,ellie.smith647@gmail.com,2026-08-16
u_19b3f96b,matthew.parker739@gmail.com,2026-08-28
u_fb3a6269,anna.mitchell960@gmail.com,2026-07-15
u_23e40ce0,mark.turner935@outlook.com,2026-07-17
u_95160f37,lydia.reed778@protonmail.com,2026-07-03
u_956a7eac,ethan.parker274@icloud.com,2026-08-07
u_e2883644,seth.cook832@hotmail.com,2026-07-15
u_145e5fb9,mary.morgan171@gmail.com,2026-08-17
u_a047779d,isaac.hill670@protonmail.com,2026-08-22
u_1fc8a0d9,MARY.EDWARDS842@GMAIL.COM,2026-07-24
u_93296cab,peter.allen416@gmail.com,2026-07-04
u_45cdb4e6,zoe.jones765@protonmail.com,2026-09-23
u_b305ecdd,daniel.morgan168@gmail.com,2026-08-26
u_ba1fa2b4,CALEB.BAKER303@YAHOO.COM,2026-07-24
u_f565a14c,esther.phillips297@gmail.com,2026-07-20
u_681f3f9d,mark.smith294@gmail.com,2026-08-25
u_c29e7cb0,daniel.anderson437@protonmail.com,2026-09-17
u_cf7b713a,tim.brown362@gmail.com,2026-07-20
u_74583bd3,mary.collins70@gmail.com,2026-09-04
u_a290e6c9,leah.johnson580@yahoo.com,2026-07-18
u_50eb4a70,peter.hill721@protonmail.com,2026-08-13
u_ebfc5169,laura.parker187@outlook.com,2026-09-11
u_df5b3005,olivia.phillips325@icloud.com,2026-09-22
u_18e04e68,hannah.allen146@gmail.com,2026-07-13
u_7442c1ea,mary.garcia952@gmail.com,2026-07-15
u_6241c704,hannah.allen415@outlook.com,2026-07-13
u_ca3d6dad,leah.stewart166@outlook.com,2026-09-26
u_1934dadd,michael.parker607@gmail.com,2026-07-24
u_34e04408,joshua.parker121@gmail.com,2026-07-12
u_17a68964,tim.king532@icloud.com,2026-09-21
u_b2846714,naomi.edwards986@protonmail.com,2026-07-07
u_2cea9428,andrew.cook855@gmail.com,2026-07-22
u_f737db3c,PETER.PHILLIPS547@GMAIL.COM,2026-08-03
u_22c49327,JACOB.EVANS664@GMAIL.COM,2026-07-06
u_d85a1d57,sam.walker974@gmail.com,2026-07-04
u_96532b46,ben.parker354@gmail.com,2026-09-04
u_5a9653ca,tim.cooper773@hotmail.com,2026-08-19
u_d333c374,faith.murphy823@gmail.com,2026-08-28
u_c5998a9c,chloe.johnson936@gmail.com,2026-07-07
u_9e4efaf1,grace.baker302@icloud.com,2026-07-11
u_f16ddc22,HANNAH.TAYLOR287@ICLOUD.COM,2026-08-10
u_8e4f23d9,ruth.walker182@gmail.com,2026-07-04
u_b6e28f73,tim.phillips309@outlook.com,2026-09-07
u_74001899,caleb.carter891@gmail.com,2026-07-12
u_7441b653,rachel.wright215@gmail.com,2026-09-28
u_ef1eaaa8,joshua.davis751@yahoo.com,2026-08-24
u_4c81ba1e,caleb.campbell44@yahoo.com,2026-08-27
u_c74b54bc,peter.miller976@gmail.com,2026-08-23
u_9c3481c4,appuser16@gmail.com,2026-09-10
u_15fcbb59,joshua.martin579@gmail.com,2026-07-07
u_34307a57,olivia.walker470@gmail.com,2026-08-19
u_3666c5f6,hope.parker463@outlook.com,2026-07-21
u_456a4dd1,rachel.reed603@gmail.com,2026-09-04
u_4fcf3b9e,ben.morgan298@yahoo.com,2026-07-12
u_40449ab4,aaron.bell239@gmail.com,2026-07-08
u_03a03299,tim.morris310@hotmail.com,2026-08-08
u_dda19439,hope.collins501@gmail.com,2026-08-22
u_edab48ef,abigail.cook681@gmail.com,2026-07-23
u_b9e9a984,mark.mitchell662@outlook.com,2026-09-01
u_2ee16720,hope.morgan507@hotmail.com,2026-08-03
u_74dec194,noah.green997@gmail.com,2026-09-15
u_eb37a7dd,abigail.lewis7@gmail.com,2026-09-24
u_586dd172,james.wilson108@gmail.com,2026-07-12
u_c9014b33,chloe.jones956@hotmail.com,2026-09-19
u_2b7298e6,olivia.morris982@gmail.com,2026-09-21
u_4a71e1a7,paul.allen504@gmail.com,2026-09-10
u_61a3d777,DAVID.BELL104@GMAIL.COM,2026-09-20
u_170551a5,lydia.brown326@outlook.com,2026-08-25
u_ada586a8,ETHAN.WILSON862@YAHOO.COM,2026-08-13
u_9e748c6d,joy.williams699@protonmail.com,2026-08-20
u_8d6f54c4,emily.anderson483@hotmail.com,2026-09-24
u_aa1024ad,caleb.green912@gmail.com,2026-07-06
u_1f3d6dc3,chloe.turner252@gmail.com,2026-09-24
u_676c5866,olivia.cook11@gmail.com,2026-07-23
u_b2350fd4,joy.miller191@gmail.com,2026-09-12
u_65be147c,joy.king824@gmail.com,2026-08-06
u_46afa582,joshua.scott261@icloud.com,2026-07-01
u_83bb1fc8,david.parker370@gmail.com,2026-09-07
u_3b2b23ee,MATTHEW.COOK218@GMAIL.COM,2026-08-15
u_2cf993e7,daniel.rogers240@outlook.com,2026-07-01
u_369e6cb9,abigail.davis485@gmail.com,2026-07-26
u_1bf1f7f9,luke.hill371@gmail.com,2026-07-11
u_ec6b16f1,olivia.allen515@gmail.com,2026-09-06
u_35ca9b11,olivia.morris629@gmail.com,2026-08-13
u_acfa44bf,paul.bell966@protonmail.com,2026-07-23
u_84f97b1f,ethan.scott25@gmail.com,2026-09-01
u_2bd1c38d,sarah.murphy255@gmail.com,2026-07-18
u_0c86941d,joshua.phillips733@outlook.com,2026-07-08
u_e8eb7fa7,ZOE.WILLIAMS895@HOTMAIL.COM,2026-08-17
u_bc597c4e,appuser0@gmail.com,2026-09-10
u_1e03e1bd,luke.bailey309@gmail.com,2026-07-08
u_ad05faf7,sarah.clark972@hotmail.com,2026-07-20
u_df67e81f,jacob.hill138@gmail.com,2026-07-06
u_969a5dab,sarah.carter408@icloud.com,2026-09-02
u_7d1745da,ben.green226@gmail.com,2026-09-14
u_84b1ab81,appuser15@gmail.com,2026-09-10
u_bedca2fe,sam.davis350@gmail.com,2026-08-07
u_1a3bf4e9,grace.cooper953@yahoo.com,2026-09-03
u_c437aeaf,olivia.roberts119@gmail.com,2026-08-06
u_f3a12c8e,noah.jones316@gmail.com,2026-07-18
u_564a1734,noah.brown376@gmail.com,2026-08-16
u_9ae93548,caleb.mitchell498@gmail.com,2026-07-02
u_de8dbb96,emily.scott983@yahoo.com,2026-08-19
u_58ad0741,hannah.miller125@outlook.com,2026-09-21
u_72cc7e69,laura.reed979@icloud.com,2026-09-23
u_b751f21a,naomi.martin156@icloud.com,2026-08-02
u_d38d8fba,david.stewart785@gmail.com,2026-08-18
u_62b9de42,matthew.lewis976@gmail.com,2026-07-26
u_f1b2713b,eli.peterson929@outlook.com,2026-09-28
u_1ad3a198,mark.rogers546@hotmail.com,2026-07-28
u_4c601e67,claire.wilson649@gmail.com,2026-09-04
u_2a34c3f7,caleb.reed166@icloud.com,2026-07-05
u_0d0552f7,andrew.thomas241@icloud.com,2026-09-19
u_c5f5d7d9,ellie.green359@hotmail.com,2026-07-08
u_ddc4740c,tim.campbell175@gmail.com,2026-07-10
u_89a2e53c,ESTHER.ROBERTS178@OUTLOOK.COM,2026-07-22
u_d7f2bf4d,paul.hall970@outlook.com,2026-09-25
u_544dba7b,nathan.peterson499@gmail.com,2026-07-05
u_cf19a5ad,ANDREW.LEE95@YAHOO.COM,2026-09-13
u_43fd73b7,david.roberts695@gmail.com,2026-09-28
u_c35001c7,jacob.miller616@hotmail.com,2026-09-16
u_f1000dc2,ruth.bell56@gmail.com,2026-09-22
u_a59b3234,james.taylor586@gmail.com,2026-08-27
u_90036352,faith.walker714@yahoo.com,2026-09-21
u_b4ffa03a,andrew.bell48@icloud.com,2026-09-11
u_069be473,david.moore925@protonmail.com,2026-09-09
u_74d86a81,ellie.morgan137@gmail.com,2026-07-26
u_d09099ab,kate.wilson821@gmail.com,2026-08-24
u_249881bb,aaron.moore592@yahoo.com,2026-07-06
u_9ff02ce1,claire.smith160@protonmail.com,2026-09-10
u_cd07f55e,matthew.murphy33@gmail.com,2026-08-07
u_e16badea,david.walker792@yahoo.com,2026-09-21
u_b1c2a236,ellie.anderson657@yahoo.com,2026-08-01
u_2ab3dea2,lydia.williams391@gmail.com,2026-09-09
u_98b005a5,olivia.williams52@yahoo.com,2026-07-15
u_2b2d3fa9,grace.edwards291@gmail.com,2026-09-19
u_713b3489,naomi.nelson650@protonmail.com,2026-08-19
u_650051e5,faith.peterson805@hotmail.com,2026-08-24
u_84b39fcd,josiah.young331@yahoo.com,2026-09-11
u_b107c823,NAOMI.PHILLIPS131@GMAIL.COM,2026-08-06
u_18e46e1c,ben.edwards899@outlook.com,2026-08-12
u_4b824896,ruth.edwards66@yahoo.com,2026-09-01
u_9ae0491b,eli.bailey143@gmail.com,2026-07-06
u_21f7f5e1,RUTH.MARTIN430@GMAIL.COM,2026-07-02
u_2fa6779f,KATE.SCOTT50@GMAIL.COM,2026-08-21
u_d3066208,hope.davis2@gmail.com,2026-09-24
u_58791a89,michael.davis109@hotmail.com,2026-07-27
u_b0e8adb4,sarah.scott4@yahoo.com,2026-07-07
u_28fbad80,ELLIE.ALLEN499@ICLOUD.COM,2026-07-25
u_8994362e,laura.cooper353@gmail.com,2026-07-21
u_16652a92,andrew.clark6@protonmail.com,2026-09-16
u_a5b8a8a2,anna.green632@gmail.com,2026-08-14
u_17d51df0,julia.johnson884@protonmail.com,2026-08-21
u_4b704a23,john.mitchell706@gmail.com,2026-09-22
u_78dc4dfc,faith.morgan412@gmail.com,2026-07-08
u_3f05d7c8,megan.allen47@outlook.com,2026-08-15
u_442eb30f,JOY.REED904@OUTLOOK.COM,2026-08-01
u_a646b6a6,mary.peterson468@gmail.com,2026-08-02
u_99e13f3c,ben.anderson807@gmail.com,2026-09-17
u_56c72614,ISAAC.WRIGHT563@GMAIL.COM,2026-08-28
u_c174e33c,naomi.johnson765@gmail.com,2026-09-23
u_c7e5eded,nathan.reed371@hotmail.com,2026-07-20
u_bcfd754b,eli.brown446@protonmail.com,2026-08-13
u_a7a373bf,naomi.walker559@yahoo.com,2026-09-02
u_264a198a,grace.parker972@gmail.com,2026-09-24
u_4370a96d,nathan.thomas66@hotmail.com,2026-08-19
u_f5922da0,daniel.miller783@gmail.com,2026-09-03
u_0c2856d2,paul.bailey436@gmail.com,2026-07-17
u_67433c7c,ben.peterson48@gmail.com,2026-08-08
u_8dc2f8d6,LEAH.CLARK402@OUTLOOK.COM,2026-07-03
u_38fc13c5,josiah.stewart391@gmail.com,2026-07-08
u_0d6f8a22,ben.allen235@gmail.com,2026-07-21
u_45caf8e8,ethan.nelson2@hotmail.com,2026-08-05
u_bf2d39a7,josiah.parker792@gmail.com,2026-09-01
u_67ce5bda,john.nelson103@icloud.com,2026-08-26
u_3d81f61b,aaron.edwards635@gmail.com,2026-07-18
u_9e1c00ba,ben.bell207@gmail.com,2026-07-14
u_65caee2a,ellie.baker218@gmail.com,2026-07-01
u_b3bd2600,matthew.stewart616@hotmail.com,2026-07-14
u_9250fdb4,PAUL.TURNER991@YAHOO.COM,2026-09-16
u_f300c532,MEGAN.MARTIN370@YAHOO.COM,2026-07-14
u_a9739ffc,MATTHEW.GREEN938@GMAIL.COM,2026-09-01
u_90061977,OLIVIA.CLARK683@GMAIL.COM,2026-07-14
u_b12875f7,seth.rogers403@outlook.com,2026-09-27
u_160046d3,julia.cook161@gmail.com,2026-09-10
u_e4783b3b,jacob.phillips750@gmail.com,2026-08-12
u_9a097244,eli.thomas366@gmail.com,2026-09-02
u_221e8b1c,appuser14@gmail.com,2026-09-10
u_c6a9f9b2,james.lewis670@gmail.com,2026-09-09
u_6bbcffe1,megan.nelson185@outlook.com,2026-09-16
u_8648a2b8,MEGAN.EDWARDS799@GMAIL.COM,2026-07-01
u_e0b28fd1,laura.reed922@hotmail.com,2026-09-14
u_45d2b5ed,peter.peterson276@protonmail.com,2026-09-05
u_23bf9211,mark.stewart250@icloud.com,2026-07-10
u_9ecb49d6,hope.hall130@gmail.com,2026-08-24
u_d68300ff,LYDIA.BROWN905@ICLOUD.COM,2026-09-11
u_599d69e5,james.roberts140@gmail.com,2026-08-12
u_d15aa50d,ESTHER.PARKER857@GMAIL.COM,2026-09-22
u_5d8272d4,lydia.parker4@gmail.com,2026-07-14
u_49afb871,mary.mitchell179@gmail.com,2026-09-26
u_10c0edb0,paul.johnson731@hotmail.com,2026-08-03
u_69a4d947,isaac.morris348@hotmail.com,2026-09-02
u_2d7e2428,leah.jones182@gmail.com,2026-08-17
u_1547a40a,megan.hill153@hotmail.com,2026-08-08
u_c90f9909,daniel.phillips358@hotmail.com,2026-09-08
u_85b9eecb,ruth.morgan358@gmail.com,2026-09-03
u_5967293c,emily.wilson658@yahoo.com,2026-08-11
u_0cc60002,john.peterson79@gmail.com,2026-07-06
u_2c13c12f,megan.green322@gmail.com,2026-07-03
u_618588b0,michael.lewis405@outlook.com,2026-08-22
u_ee6837bf,ruth.miller441@hotmail.com,2026-08-21
u_3784f614,chloe.wright7@gmail.com,2026-08-09
u_8c5e89b8,ETHAN.LEWIS242@HOTMAIL.COM,2026-09-28
u_93d7e641,hope.king136@gmail.com,2026-07-03
u_83aedbed,aaron.wilson193@icloud.com,2026-09-02
u_fd42d796,abigail.campbell81@yahoo.com,2026-08-03
u_fcd731d5,mark.clark985@protonmail.com,2026-09-23
u_4c96d5ae,nathan.evans771@icloud.com,2026-07-09
u_dd68c28e,mary.adams604@protonmail.com,2026-07-09
u_c77d4718,anna.green126@gmail.com,2026-07-15
u_b4589bf4,tim.campbell608@gmail.com,2026-07-23
u_e72d95de,kate.scott194@yahoo.com,2026-07-22
u_daea2d63,grace.stewart599@gmail.com,2026-09-07
u_04c9222f,daniel.lewis626@gmail.com,2026-08-26
u_ebf86901,leah.king797@gmail.com,2026-07-05
u_4ab3b15f,appuser27@gmail.com,2026-09-10
u_477bb1e1,MICHAEL.MOORE857@GMAIL.COM,2026-07-26
u_bb957cdf,seth.hall181@gmail.com,2026-08-17
u_cbd3d58c,appuser20@gmail.com,2026-09-10
u_4254088e,claire.parker564@gmail.com,2026-09-16
u_504d85b8,joshua.nelson503@outlook.com,2026-09-08
u_18118051,megan.phillips403@hotmail.com,2026-07-09
u_6af6e3ce,kate.morris273@outlook.com,2026-09-14
u_8a450332,seth.hall505@gmail.com,2026-08-11
u_94df3683,esther.bailey20@gmail.com,2026-07-21
u_9b00fb0d,ellie.smith485@icloud.com,2026-09-15
u_70219dd5,BEN.CLARK42@GMAIL.COM,2026-08-24
u_554b8896,ben.bailey175@hotmail.com,2026-07-20
u_9ff51131,LYDIA.MORRIS696@ICLOUD.COM,2026-08-12
u_6d9a25a4,john.murphy536@gmail.com,2026-07-08
u_1ebbb653,appuser1@gmail.com,2026-09-10
u_cb5c2945,matthew.garcia472@gmail.com,2026-09-02
u_9923ed11,ruth.miller228@yahoo.com,2026-07-26
u_eb982888,zoe.murphy778@gmail.com,2026-08-04
u_9c446c3a,ben.morris262@icloud.com,2026-09-07
u_36735478,anna.young111@outlook.com,2026-07-22
u_678cf2e3,rachel.martin994@gmail.com,2026-09-22
u_6ebd0f61,peter.baker321@hotmail.com,2026-08-28
u_80316844,SARAH.SCOTT588@OUTLOOK.COM,2026-09-06
u_72c0060d,sarah.miller223@gmail.com,2026-09-26
u_dd1c193d,megan.young795@yahoo.com,2026-08-24
u_d65dae6d,luke.bell421@gmail.com,2026-07-16
u_07f891e4,hope.evans567@gmail.com,2026-07-01
u_dfb54f99,anna.turner270@gmail.com,2026-09-24
u_bcfdb88e,appuser25@gmail.com,2026-09-10
u_688777a6,faith.scott558@protonmail.com,2026-07-16
u_51710e8f,zoe.edwards36@protonmail.com,2026-08-07
u_2b1c7fc6,daniel.martin543@gmail.com,2026-07-19
u_19c28a8b,appuser28@gmail.com,2026-09-10
u_7d21bbfd,zoe.green692@gmail.com,2026-08-12
u_d7fec7e5,LEAH.WILLIAMS560@GMAIL.COM,2026-09-26
u_e7276b4a,JOSHUA.MORRIS976@HOTMAIL.COM,2026-08-05
u_b8f723c8,lydia.wilson733@outlook.com,2026-09-19
u_ce3018a7,hope.peterson538@gmail.com,2026-09-19
u_e4d24511,sam.wright135@hotmail.com,2026-09-01
u_6edf3e52,faith.cooper926@hotmail.com,2026-08-17
u_ab78f169,mark.baker43@outlook.com,2026-08-02
u_b72fc247,eli.baker53@gmail.com,2026-08-25
u_98f01579,appuser12@gmail.com,2026-09-10
u_686ab0ca,luke.turner63@yahoo.com,2026-07-10
u_7816770d,sarah.taylor812@gmail.com,2026-08-14
u_974e2e8c,lydia.brown26@icloud.com,2026-07-23
u_cacba2ba,andrew.king826@outlook.com,2026-07-22
u_06ddca28,appuser13@gmail.com,2026-09-10
u_0c6b655f,tim.miller762@gmail.com,2026-08-20
u_70a251ae,paul.cook176@gmail.com,2026-09-09
u_1746c858,faith.edwards193@gmail.com,2026-09-22
u_7a9150b5,michael.murphy944@gmail.com,2026-08-21
u_75b549cd,hope.johnson165@gmail.com,2026-08-02
u_69c7003c,peter.campbell209@gmail.com,2026-08-21
u_40211808,eli.thomas18@yahoo.com,2026-08-06
u_e6985629,jacob.taylor711@gmail.com,2026-07-03
u_9fe3acaf,abigail.reed555@gmail.com,2026-08-14
u_90bb3d8e,caleb.peterson383@gmail.com,2026-07-16
u_6c65de8b,seth.young902@yahoo.com,2026-07-09
u_b0ed7f39,leah.garcia806@gmail.com,2026-07-13
u_26f6cbb5,joy.lee388@gmail.com,2026-09-22
u_44165141,mark.scott567@gmail.com,2026-08-10
u_ed56ca26,laura.clark276@gmail.com,2026-07-11
u_30f9ada2,matthew.king603@gmail.com,2026-07-27
u_495e696f,kate.rogers404@gmail.com,2026-07-28
u_86cfe6e6,olivia.miller129@gmail.com,2026-08-19
u_cec4ebda,megan.peterson290@gmail.com,2026-07-08
u_c476dc95,megan.adams664@gmail.com,2026-09-19
u_e817ab86,JOSIAH.COLLINS314@GMAIL.COM,2026-07-20
u_1b9146f5,ben.thomas584@icloud.com,2026-08-06
u_e903850e,aaron.stewart973@icloud.com,2026-07-19
u_dd07d5ad,olivia.lee22@gmail.com,2026-09-02
u_9f595f42,RUTH.BAKER698@GMAIL.COM,2026-08-22
u_aaf75fe6,noah.green721@gmail.com,2026-08-19
u_207c5d06,chloe.campbell495@icloud.com,2026-07-16
u_696a0a4d,olivia.mitchell836@gmail.com,2026-09-08
u_928da79c,andrew.brown838@yahoo.com,2026-07-12
u_93eafbb2,esther.jones830@yahoo.com,2026-09-08
u_5dc691b1,JOSHUA.THOMAS410@GMAIL.COM,2026-07-15
u_1055d530,megan.parker787@hotmail.com,2026-07-16
u_9616a0d8,olivia.jones968@gmail.com,2026-09-18
u_c41e5b95,DAVID.MURPHY868@GMAIL.COM,2026-09-07
u_64816b44,luke.adams116@gmail.com,2026-08-14
u_1c5b7fa3,mark.lee434@outlook.com,2026-08-19
u_1c818c90,claire.campbell119@gmail.com,2026-09-23
u_3871dce6,matthew.evans579@gmail.com,2026-09-07
u_b1389df9,julia.williams806@protonmail.com,2026-09-08
u_4e4d35e4,hope.moore114@gmail.com,2026-08-26
u_ea7d27fa,NAOMI.BAKER104@GMAIL.COM,2026-07-20
u_8bdf1efe,CHLOE.COOPER87@ICLOUD.COM,2026-08-10
u_cc315a10,megan.allen579@protonmail.com,2026-07-16
u_f68572eb,PETER.ALLEN393@GMAIL.COM,2026-09-11
u_7ac4faf8,grace.cook153@outlook.com,2026-09-07
u_da600b86,ellie.miller630@gmail.com,2026-09-10
u_37b480c4,faith.edwards893@gmail.com,2026-07-12
u_fe546ca3,ethan.taylor37@hotmail.com,2026-07-05
u_c19cc261,tim.reed831@gmail.com,2026-09-23
u_3514f917,james.lewis941@gmail.com,2026-07-12
u_a27685f7,kate.reed503@gmail.com,2026-07-04
u_90cdb504,megan.lewis464@gmail.com,2026-08-02
u_4c3b7e7e,abigail.morgan841@icloud.com,2026-09-09
u_cf449b6d,rachel.king717@icloud.com,2026-07-20
u_f59949ec,emily.murphy439@gmail.com,2026-07-14
u_7eb2a284,sarah.walker319@icloud.com,2026-09-14
u_30017635,appuser4@gmail.com,2026-09-10
u_e02516b0,appuser7@gmail.com,2026-09-10
u_589564cd,eli.brown515@outlook.com,2026-07-18
u_2a8e72f7,MEGAN.PHILLIPS594@ICLOUD.COM,2026-09-01
u_cf20d494,david.murphy437@gmail.com,2026-08-20
u_7639c28a,emily.hall225@gmail.com,2026-09-04
u_ecfbf096,appuser22@gmail.com,2026-09-10
u_6eca0ee0,isaac.murphy703@gmail.com,2026-07-21
u_08ab376f,david.moore824@hotmail.com,2026-07-28
u_af5bb34b,laura.murphy900@gmail.com,2026-07-18
u_5c12a821,leah.martin289@hotmail.com,2026-09-09
u_2d9d67dd,eli.roberts648@gmail.com,2026-07-06
u_8e43fdf1,abigail.clark217@gmail.com,2026-09-03
u_da63f6ec,josiah.bailey338@protonmail.com,2026-07-18
u_0a2e9c62,MARK.MOORE108@HOTMAIL.COM,2026-07-05
u_701c1e47,KATE.STEWART589@ICLOUD.COM,2026-08-27
u_81ee6e9d,paul.moore53@gmail.com,2026-07-10
u_5c23ffb9,caleb.baker39@gmail.com,2026-09-03
u_8529d18f,david.carter105@gmail.com,2026-09-10
u_7a16b03d,eli.morris473@icloud.com,2026-07-12
u_eb02b441,hannah.green461@gmail.com,2026-09-17
u_013021e3,peter.allen862@protonmail.com,2026-09-25
u_b67ebfbb,matthew.taylor520@gmail.com,2026-08-11
u_144c7d6a,sarah.allen681@gmail.com,2026-07-04
u_01168e35,esther.peterson606@icloud.com,2026-07-12
u_980a96a5,david.brown33@gmail.com,2026-09-06
u_ff67b52d,claire.smith728@hotmail.com,2026-08-08
u_068c02d2,emily.martin746@outlook.com,2026-07-26
u_6a3db2f8,jacob.adams570@icloud.com,2026-09-10
u_73fbc7aa,olivia.taylor405@gmail.com,2026-09-04
u_7dcbfea5,rachel.lee103@gmail.com,2026-07-24
u_f648de23,MATTHEW.MITCHELL593@GMAIL.COM,2026-07-21
u_045612d9,nathan.bell919@gmail.com,2026-08-05
u_ab99737d,hope.phillips872@gmail.com,2026-09-15
u_4e34b464,matthew.bailey783@yahoo.com,2026-07-25
u_b704c35f,julia.cooper381@icloud.com,2026-08-02
u_a532ddf8,JOSIAH.TAYLOR88@GMAIL.COM,2026-09-05
u_32ebf3ea,naomi.martin217@gmail.com,2026-08-05
u_c547b2df,naomi.scott703@protonmail.com,2026-09-24
u_a675dc3c,kate.edwards858@hotmail.com,2026-07-20
u_cdbfd1cc,megan.roberts883@gmail.com,2026-09-27
u_a490903b,mark.rogers279@gmail.com,2026-09-20
u_7eddeab5,tim.collins632@gmail.com,2026-08-01
u_da2344a0,lydia.hall609@icloud.com,2026-08-23
u_c09dd84e,appuser26@gmail.com,2026-09-10
u_22d0b796,daniel.rogers562@outlook.com,2026-08-10
u_9b72e150,nathan.king460@icloud.com,2026-09-25
u_730bb61b,caleb.green913@gmail.com,2026-09-20
u_a648a2db,eli.peterson647@outlook.com,2026-08-27
u_c3f3cf54,jacob.edwards491@hotmail.com,2026-09-09
u_5778b21c,naomi.roberts526@hotmail.com,2026-08-24
u_fad1a3eb,appuser5@gmail.com,2026-09-10
u_51a27f3b,john.morris397@gmail.com,2026-09-25
u_42135fe3,david.parker915@protonmail.com,2026-09-23
u_5bde740f,emily.wright439@outlook.com,2026-09-27
u_1fe59423,hannah.brown458@hotmail.com,2026-09-16
u_166fac3e,naomi.johnson65@hotmail.com,2026-09-11
u_a4597025,mark.rogers100@gmail.com,2026-08-08
u_a507716a,sarah.hall299@icloud.com,2026-09-09
u_3960e6a3,appuser19@gmail.com,2026-09-10
u_5af00347,hannah.adams474@gmail.com,2026-07-06
u_bb52a1ff,lydia.martin252@hotmail.com,2026-07-22
u_3b048850,mary.roberts107@gmail.com,2026-07-09
u_2cbb662d,anna.roberts929@protonmail.com,2026-07-09
u_90aea722,hannah.wright96@gmail.com,2026-08-27
u_d9e0c761,rachel.lee597@outlook.com,2026-08-10
u_0d988b12,aaron.thomas197@gmail.com,2026-08-27
u_01d29ad3,zoe.carter873@outlook.com,2026-08-24
u_456b8daf,david.lee579@icloud.com,2026-08-07
u_5bb6be1e,mary.smith309@gmail.com,2026-07-22
u_ac73ee77,joshua.clark945@gmail.com,2026-09-23
u_71687d76,emily.king609@hotmail.com,2026-07-01
u_24332d96,emily.bailey975@gmail.com,2026-07-17
u_91420858,hannah.scott525@hotmail.com,2026-08-27
u_3aaeef25,tim.green433@gmail.com,2026-09-18
u_4cb561d1,laura.allen655@yahoo.com,2026-07-08
u_4ad3d11a,nathan.thomas932@hotmail.com,2026-07-05
u_559a4f9e,naomi.scott479@gmail.com,2026-08-25
u_ea05c4a1,ellie.lee475@gmail.com,2026-08-11
u_af605246,abigail.taylor407@gmail.com,2026-09-19
u_650b2dee,john.mitchell228@gmail.com,2026-07-05
u_2ef47a13,joshua.phillips645@hotmail.com,2026-07-20
u_6801eb83,sarah.garcia702@gmail.com,2026-09-18
u_859115cc,faith.clark54@protonmail.com,2026-08-18
u_d703cc74,chloe.clark129@hotmail.com,2026-07-11
u_3d9a1cba,anna.johnson327@hotmail.com,2026-07-02
u_84736923,joshua.turner542@protonmail.com,2026-09-28
u_287da528,rachel.phillips223@gmail.com,2026-09-07
u_abb32cb1,ellie.campbell77@gmail.com,2026-08-18
u_a7b98ef3,RUTH.WRIGHT434@YAHOO.COM,2026-09-13
u_331649a7,kate.martin172@gmail.com,2026-08-02
u_f136217a,michael.bell480@hotmail.com,2026-08-27
u_969a80d2,julia.brown730@gmail.com,2026-08-24
u_41487be5,tim.edwards585@protonmail.com,2026-07-20
u_c0befd47,seth.garcia33@protonmail.com,2026-08-07
u_87c7428c,megan.nelson752@gmail.com,2026-09-20
u_f4bdc25a,grace.rogers569@gmail.com,2026-07-25
u_0964ef37,matthew.murphy532@protonmail.com,2026-09-25
u_1ca1bcb1,anna.turner474@hotmail.com,2026-08-20
u_33e7e44b,isaac.evans631@gmail.com,2026-08-19
u_de2c5fb5,james.edwards332@outlook.com,2026-07-21
u_9dbfeb57,ben.morgan157@gmail.com,2026-08-20
u_a80ce2c7,paul.johnson830@gmail.com,2026-07-02
u_902c1646,caleb.rogers383@gmail.com,2026-08-02
u_83bfe025,chloe.edwards498@gmail.com,2026-08-03
u_de878934,ESTHER.BROWN884@OUTLOOK.COM,2026-09-24
u_60f3794a,faith.roberts426@outlook.com,2026-08-02
u_d46d492a,anna.garcia677@gmail.com,2026-09-15
u_d8f77fc3,ruth.bailey575@protonmail.com,2026-08-18
u_35f574c1,joshua.taylor859@gmail.com,2026-08-28
u_6c4980cd,faith.collins512@gmail.com,2026-08-05
u_603879c2,zoe.morris640@gmail.com,2026-09-13
u_4bbe073a,sam.cook121@gmail.com,2026-08-18
u_7e089cb6,ANNA.TURNER932@GMAIL.COM,2026-09-16
u_80cffe00,josiah.anderson76@gmail.com,2026-08-13
u_17baffd4,leah.thomas457@gmail.com,2026-08-04
u_67f36eab,seth.morris718@gmail.com,2026-07-14
u_258a865e,paul.adams371@gmail.com,2026-07-24
u_cfceecae,john.young719@gmail.com,2026-07-13
u_27cac534,naomi.clark146@gmail.com,2026-08-24
u_f40df2d5,aaron.morgan157@gmail.com,2026-09-07
u_6ed75e88,michael.wilson881@gmail.com,2026-09-28
u_f2546df0,faith.nelson177@gmail.com,2026-08-28
u_d92564d4,joy.lee458@gmail.com,2026-07-24
u_edc9937c,joshua.brown104@gmail.com,2026-09-27
u_edb00f6d,daniel.miller185@gmail.com,2026-07-21
u_d630b342,peter.lee936@gmail.com,2026-08-16
u_aaadc460,james.bailey826@gmail.com,2026-09-01
u_9b8e2d8e,faith.murphy54@gmail.com,2026-07-09
u_33f26824,JAMES.BAKER120@GMAIL.COM,2026-08-07
u_c30499ef,olivia.cooper148@outlook.com,2026-09-23
u_8a37b008,laura.walker791@hotmail.com,2026-09-10
u_f61324d1,hope.miller682@outlook.com,2026-07-28
u_d4d43907,hope.brown844@hotmail.com,2026-07-20
u_127e7013,anna.hall100@outlook.com,2026-07-19
u_08007f2e,KATE.NELSON189@GMAIL.COM,2026-07-16
u_94945a2f,lydia.morris546@hotmail.com,2026-07-01
u_935912ee,lydia.wilson913@icloud.com,2026-09-17
u_b33db95c,david.cook782@gmail.com,2026-07-04
u_6113a950,nathan.morgan185@gmail.com,2026-08-23
u_8685bb4d,daniel.roberts326@gmail.com,2026-09-14
u_5ebf125a,leah.lee970@outlook.com,2026-07-13
u_654f538e,andrew.miller213@icloud.com,2026-09-17
u_9a0b6ca0,eli.stewart237@hotmail.com,2026-09-20
u_f21c9fcc,john.morgan380@gmail.com,2026-08-14
u_7e1fe24c,ben.adams410@gmail.com,2026-07-11
u_b1174e8a,leah.lewis269@yahoo.com,2026-09-03
u_02dd560b,appuser29@gmail.com,2026-09-10
u_8217d72f,lydia.morgan764@gmail.com,2026-08-08
u_68e56cb4,ellie.clark198@gmail.com,2026-09-23
u_165124a5,daniel.morris455@icloud.com,2026-09-15
u_de0c59a6,seth.turner999@gmail.com,2026-08-10
u_e90a61cc,david.carter399@gmail.com,2026-08-10
u_0656bf4d,josiah.king641@gmail.com,2026-07-13
u_5e7db28f,hope.allen627@protonmail.com,2026-07-25
u_74c8a5e2,megan.rogers371@gmail.com,2026-08-09
u_263a43b2,andrew.davis367@hotmail.com,2026-09-16
u_f3b654f0,ruth.hall925@gmail.com,2026-09-21
u_1c792825,kate.mitchell454@protonmail.com,2026-08-26
u_0c317242,paul.stewart65@hotmail.com,2026-07-27
u_afe9acad,ruth.walker477@outlook.com,2026-07-21
u_aee0af78,julia.jones380@outlook.com,2026-09-11
u_fa1b182d,paul.lee827@gmail.com,2026-07-13
u_0f6a006e,hope.hill381@gmail.com,2026-09-05
u_a860e11b,eli.walker188@protonmail.com,2026-07-13
u_1299e5d6,daniel.evans690@protonmail.com,2026-07-04
u_2f46d523,david.edwards302@gmail.com,2026-08-09
u_105d447b,michael.clark526@hotmail.com,2026-07-02
u_9e793cb9,ZOE.TAYLOR90@ICLOUD.COM,2026-09-23
u_9b488a3d,joshua.king234@gmail.com,2026-08-26
u_d1cdc552,kate.mitchell597@hotmail.com,2026-09-10
u_68ff6c3b,ruth.smith536@gmail.com,2026-07-27
u_c7ffd6a0,zoe.garcia864@gmail.com,2026-07-03
u_77ffb47b,daniel.allen364@gmail.com,2026-07-21
u_531207dd,joy.wright55@gmail.com,2026-09-16
u_d35ad400,david.mitchell774@outlook.com,2026-09-26
u_c7f535ef,kate.adams361@gmail.com,2026-09-12
u_b61246a2,paul.reed220@gmail.com,2026-07-15
u_ce761ff9,daniel.anderson109@gmail.com,2026-07-17
u_906fc01c,leah.cook527@gmail.com,2026-07-17
u_71783f62,naomi.bailey954@gmail.com,2026-08-11
u_23d59286,paul.collins310@gmail.com,2026-07-02
u_438c3ded,abigail.bell511@protonmail.com,2026-09-01
u_237f3e77,laura.allen170@gmail.com,2026-08-07
u_fdc9937a,leah.parker391@yahoo.com,2026-09-25
u_09f06963,noah.moore973@gmail.com,2026-09-05
u_88b82d49,MARY.ROBERTS520@HOTMAIL.COM,2026-09-26
u_a0ba7196,david.edwards112@protonmail.com,2026-07-21
u_11ffd798,david.allen230@gmail.com,2026-08-09
u_44bedd6b,james.cook873@icloud.com,2026-08-18
u_78908175,sarah.cook251@gmail.com,2026-08-09
u_43361711,ethan.turner131@gmail.com,2026-09-24
u_94cae6d0,mary.bell153@protonmail.com,2026-09-26
u_98476a72,ethan.taylor122@gmail.com,2026-09-02
u_8246fc99,sam.allen171@icloud.com,2026-07-21
u_889bac05,josiah.lee125@gmail.com,2026-09-28
u_3686865b,faith.taylor61@hotmail.com,2026-07-03
u_6d3dc45e,mark.thomas8@gmail.com,2026-08-14
u_0dc47886,aaron.lewis38@protonmail.com,2026-08-27
u_66b286bc,CLAIRE.MARTIN427@OUTLOOK.COM,2026-09-28
u_9898def1,ruth.murphy928@gmail.com,2026-09-01
u_102d659c,david.williams292@gmail.com,2026-07-21
u_14cd0097,ellie.brown944@gmail.com,2026-09-17
u_565fafe0,eli.davis819@icloud.com,2026-09-23
u_b4b3089f,julia.hall771@outlook.com,2026-08-12
u_dc37ab2a,hannah.davis555@gmail.com,2026-07-22
u_1b87a6ee,anna.campbell167@icloud.com,2026-08-15
u_b284aa75,zoe.young759@yahoo.com,2026-09-04
u_9174e8d1,joy.bell976@gmail.com,2026-08-17
u_20c3a7f3,mary.martin175@protonmail.com,2026-07-17
u_8f11e469,jacob.williams65@gmail.com,2026-09-15
u_deaab137,olivia.martin531@hotmail.com,2026-07-25
u_22dd2676,tim.anderson878@gmail.com,2026-07-12
u_041e4f17,ben.rogers723@yahoo.com,2026-08-08
u_73da3af3,ruth.anderson251@icloud.com,2026-08-22
u_79bcc0ef,ellie.turner974@gmail.com,2026-08-25
u_441d2981,luke.bell395@gmail.com,2026-07-12
u_510d4c64,faith.walker921@icloud.com,2026-08-04
u_10a81768,seth.scott776@gmail.com,2026-08-18
u_7f6a61d1,caleb.johnson452@gmail.com,2026-07-12
u_c97365f6,appuser10@gmail.com,2026-09-10
u_1aec0dd8,peter.bell96@yahoo.com,2026-07-23
u_bbdd1059,joshua.williams559@gmail.com,2026-07-02
u_f7f04061,hannah.collins611@outlook.com,2026-08-07
u_2c81cff5,jacob.cook632@gmail.com,2026-09-09
u_ebc1c130,matthew.murphy242@gmail.com,2026-07-28
u_048db7bb,megan.adams788@yahoo.com,2026-09-08
u_0aab1119,grace.edwards957@gmail.com,2026-07-28
